index,SNo,ObservationDate,Province/State,Country/Region,Last Update,Confirmed,Deaths,Recovered,Active_case
155534,155535,11/15/2020,Unknown,Afghanistan,2020/11/16 05:25,43240,1617,35092,6531
155535,155536,11/15/2020,Unknown,Albania,2020/11/16 05:25,27830,623,12889,14318
155536,155537,11/15/2020,Unknown,Algeria,2020/11/16 05:25,67679,2154,44633,20892
155537,155538,11/15/2020,Unknown,Andorra,2020/11/16 05:25,5872,76,4747,1049
155538,155539,11/15/2020,Unknown,Angola,2020/11/16 05:25,13451,322,6444,6685
155539,155540,11/15/2020,Unknown,Antigua and Barbuda,2020/11/16 05:25,134,4,127,3
155540,155541,11/15/2020,Unknown,Argentina,2020/11/16 05:25,1310491,35436,1129102,145953
155541,155542,11/15/2020,Unknown,Armenia,2020/11/16 05:25,117337,1763,74984,40590
155542,155543,11/15/2020,Unknown,Austria,2020/11/16 05:25,203956,1829,125674,76453
155543,155544,11/15/2020,Unknown,Azerbaijan,2020/11/16 05:25,75688,967,55150,19571
155544,155545,11/15/2020,Unknown,Bahamas,2020/11/16 05:25,7186,156,5323,1707
155545,155546,11/15/2020,Unknown,Bahrain,2020/11/16 05:25,84703,334,82469,1900
155546,155547,11/15/2020,Unknown,Bangladesh,2020/11/16 05:25,432333,6194,349542,76597
155547,155548,11/15/2020,Unknown,Barbados,2020/11/16 05:25,250,7,238,5
155548,155549,11/15/2020,Unknown,Belarus,2020/11/16 05:25,114185,1046,95843,17296
155549,155550,11/15/2020,Unknown,Belize,2020/11/16 05:25,4861,90,2598,2173
155550,155551,11/15/2020,Unknown,Benin,2020/11/16 05:25,2844,43,2515,286
155551,155552,11/15/2020,Unknown,Bhutan,2020/11/16 05:25,375,0,355,20
155552,155553,11/15/2020,Unknown,Bolivia,2020/11/16 05:25,143246,8849,117137,17260
155553,155554,11/15/2020,Unknown,Bosnia and Herzegovina,2020/11/16 05:25,71956,1889,35606,34461
155554,155555,11/15/2020,Unknown,Botswana,2020/11/16 05:25,8225,27,5559,2639
155555,155556,11/15/2020,Unknown,Brunei,2020/11/16 05:25,148,3,145,0
155556,155557,11/15/2020,Unknown,Bulgaria,2020/11/16 05:25,98251,2130,29375,66746
155557,155558,11/15/2020,Unknown,Burkina Faso,2020/11/16 05:25,2641,68,2445,128
155558,155559,11/15/2020,Unknown,Burma,2020/11/16 05:25,68994,1577,52351,15066
155559,155560,11/15/2020,Unknown,Burundi,2020/11/16 05:25,628,1,549,78
155560,155561,11/15/2020,Unknown,Cabo Verde,2020/11/16 05:25,9822,103,9220,499
155561,155562,11/15/2020,Unknown,Cambodia,2020/11/16 05:25,302,0,289,13
155562,155563,11/15/2020,Unknown,Cameroon,2020/11/16 05:25,22692,433,21510,749
155563,155564,11/15/2020,Unknown,Central African Republic,2020/11/16 05:25,4900,63,1924,2913
155564,155565,11/15/2020,Unknown,Chad,2020/11/16 05:25,1597,101,1443,53
155565,155566,11/15/2020,Unknown,Comoros,2020/11/16 05:25,579,7,549,23
155566,155567,11/15/2020,Unknown,Congo (Brazzaville),2020/11/16 05:25,5515,92,3887,1536
155567,155568,11/15/2020,Unknown,Congo (Kinshasa),2020/11/16 05:25,11760,319,11086,355
155568,155569,11/15/2020,Unknown,Costa Rica,2020/11/16 05:25,123223,1546,75341,46336
155569,155570,11/15/2020,Unknown,Croatia,2020/11/16 05:25,84206,1049,66231,16926
155570,155571,11/15/2020,Unknown,Cuba,2020/11/16 05:25,7590,131,7060,399
155571,155572,11/15/2020,Unknown,Cyprus,2020/11/16 05:25,7178,39,2021,5118
155572,155573,11/15/2020,Unknown,Czech Republic,2020/11/16 05:25,460116,6208,327306,126602
155573,155574,11/15/2020,Unknown,Denmark,2020/11/16 05:25,62136,760,47747,13629
155574,155575,11/15/2020,Unknown,Diamond Princess,2020/11/16 05:25,712,13,659,40
155575,155576,11/15/2020,Unknown,Djibouti,2020/11/16 05:25,5649,61,5525,63
155576,155577,11/15/2020,Unknown,Dominica,2020/11/16 05:25,68,0,41,27
155577,155578,11/15/2020,Unknown,Dominican Republic,2020/11/16 05:25,133724,2285,109981,21458
155578,155579,11/15/2020,Unknown,Ecuador,2020/11/16 05:25,180295,13008,160639,6648
155579,155580,11/15/2020,Unknown,Egypt,2020/11/16 05:25,110767,6453,101046,3268
155580,155581,11/15/2020,Unknown,El Salvador,2020/11/16 05:25,36358,1044,32721,2593
155581,155582,11/15/2020,Unknown,Equatorial Guinea,2020/11/16 05:25,5104,85,4973,46
155582,155583,11/15/2020,Unknown,Eritrea,2020/11/16 05:25,493,0,444,49
155583,155584,11/15/2020,Unknown,Estonia,2020/11/16 05:25,7637,81,4741,2815
155584,155585,11/15/2020,Unknown,Eswatini,2020/11/16 05:25,6095,119,5779,197
155585,155586,11/15/2020,Unknown,Ethiopia,2020/11/16 05:25,102720,1569,63866,37285
155586,155587,11/15/2020,Unknown,Fiji,2020/11/16 05:25,35,2,32,1
155587,155588,11/15/2020,Unknown,Finland,2020/11/16 05:25,19315,369,14000,4946
155588,155589,11/15/2020,Unknown,France,2020/11/16 05:25,1867721,42215,113017,1712489
155589,155590,11/15/2020,Unknown,Gabon,2020/11/16 05:25,9062,58,8939,65
155590,155591,11/15/2020,Unknown,Gambia,2020/11/16 05:25,3702,122,3571,9
155591,155592,11/15/2020,Unknown,Georgia,2020/11/16 05:25,79678,703,62061,16914
155592,155593,11/15/2020,Unknown,Ghana,2020/11/16 05:25,50123,322,48328,1473
155593,155594,11/15/2020,Unknown,Greece,2020/11/16 05:25,74205,1106,23074,50025
155594,155595,11/15/2020,Unknown,Grenada,2020/11/16 05:25,32,0,27,5
155595,155596,11/15/2020,Unknown,Guatemala,2020/11/16 05:25,114885,3932,104438,6515
155596,155597,11/15/2020,Unknown,Guinea,2020/11/16 05:25,12611,75,11151,1385
155597,155598,11/15/2020,Unknown,Guinea-Bissau,2020/11/16 05:25,2419,43,2255,121
155598,155599,11/15/2020,Unknown,Guyana,2020/11/16 05:25,4823,139,3777,907
155599,155600,11/15/2020,Unknown,Haiti,2020/11/16 05:25,9168,232,7701,1235
155600,155601,11/15/2020,Unknown,Holy See,2020/11/16 05:25,27,0,15,12
155601,155602,11/15/2020,Unknown,Honduras,2020/11/16 05:25,103102,2823,44778,55501
155602,155603,11/15/2020,Unknown,Hungary,2020/11/16 05:25,140961,3097,31599,106265
155603,155604,11/15/2020,Unknown,Iceland,2020/11/16 05:25,5189,25,4813,351
155604,155605,11/15/2020,Unknown,Indonesia,2020/11/16 05:25,467113,15211,391991,59911
155605,155606,11/15/2020,Unknown,Iran,2020/11/16 05:25,762068,41493,558818,161757
155606,155607,11/15/2020,Unknown,Iraq,2020/11/16 05:25,519152,11670,447039,60443
155607,155608,11/15/2020,Unknown,Ireland,2020/11/16 05:25,67903,1979,23364,42560
155608,155609,11/15/2020,Unknown,Israel,2020/11/16 05:25,323741,2732,313380,7629
155609,155610,11/15/2020,Unknown,Ivory Coast,2020/11/16 05:25,20976,128,20647,201
155610,155611,11/15/2020,Unknown,Jamaica,2020/11/16 05:25,9884,231,5248,4405
155611,155612,11/15/2020,Unknown,Jordan,2020/11/16 05:25,143678,1772,10067,131839
155612,155613,11/15/2020,Unknown,Kazakhstan,2020/11/16 05:25,121051,1899,109944,9208
155613,155614,11/15/2020,Unknown,Kenya,2020/11/16 05:25,70245,1269,45766,23210
155614,155615,11/15/2020,Unknown,Kosovo,2020/11/16 05:25,29117,822,17305,10990
155615,155616,11/15/2020,Unknown,Kuwait,2020/11/16 05:25,136840,838,127585,8417
155616,155617,11/15/2020,Unknown,Kyrgyzstan,2020/11/16 05:25,66983,1203,57760,8020
155617,155618,11/15/2020,Unknown,Laos,2020/11/16 05:25,24,0,23,1
155618,155619,11/15/2020,Unknown,Latvia,2020/11/16 05:25,10547,123,1515,8909
155619,155620,11/15/2020,Unknown,Lebanon,2020/11/16 05:25,105430,817,60416,44197
155620,155621,11/15/2020,Unknown,Lesotho,2020/11/16 05:25,2041,44,1056,941
155621,155622,11/15/2020,Unknown,Liberia,2020/11/16 05:25,1507,82,1314,111
155622,155623,11/15/2020,Unknown,Libya,2020/11/16 05:25,73602,1017,44133,28452
155623,155624,11/15/2020,Unknown,Liechtenstein,2020/11/16 05:25,985,5,682,298
155624,155625,11/15/2020,Unknown,Lithuania,2020/11/16 05:25,34758,277,7753,26728
155625,155626,11/15/2020,Unknown,Luxembourg,2020/11/16 05:25,25931,219,15428,10284
155626,155627,11/15/2020,Unknown,MS Zaandam,2020/11/16 05:25,9,2,0,7
155627,155628,11/15/2020,Unknown,Madagascar,2020/11/16 05:25,17310,250,16592,468
155628,155629,11/15/2020,Unknown,Malawi,2020/11/16 05:25,5965,185,5399,381
155629,155630,11/15/2020,Unknown,Malaysia,2020/11/16 05:25,47417,309,34785,12323
155630,155631,11/15/2020,Unknown,Maldives,2020/11/16 05:25,12204,43,11289,872
155631,155632,11/15/2020,Unknown,Mali,2020/11/16 05:25,3900,141,2949,810
155632,155633,11/15/2020,Unknown,Malta,2020/11/16 05:25,8034,97,5765,2172
155633,155634,11/15/2020,Unknown,Marshall Islands,2020/11/16 05:25,1,0,1,0
155634,155635,11/15/2020,Unknown,Mauritania,2020/11/16 05:25,7952,165,7524,263
155635,155636,11/15/2020,Unknown,Mauritius,2020/11/16 05:25,478,10,431,37
155636,155637,11/15/2020,Unknown,Moldova,2020/11/16 05:25,89279,2019,70812,16448
155637,155638,11/15/2020,Unknown,Monaco,2020/11/16 05:25,548,2,450,96
155638,155639,11/15/2020,Unknown,Mongolia,2020/11/16 05:25,431,0,328,103
155639,155640,11/15/2020,Unknown,Montenegro,2020/11/16 05:25,27177,391,17387,9399
155640,155641,11/15/2020,Unknown,Morocco,2020/11/16 05:25,293177,4779,238598,49800
155641,155642,11/15/2020,Unknown,Mozambique,2020/11/16 05:25,14448,113,12505,1830
155642,155643,11/15/2020,Unknown,Namibia,2020/11/16 05:25,13508,138,12680,690
155643,155644,11/15/2020,Unknown,Nepal,2020/11/16 05:25,209776,1221,173430,35125
155644,155645,11/15/2020,Unknown,New Zealand,2020/11/16 05:25,2001,25,1918,58
155645,155646,11/15/2020,Unknown,Nicaragua,2020/11/16 05:25,5661,158,4225,1278
155646,155647,11/15/2020,Unknown,Niger,2020/11/16 05:25,1307,70,1148,89
155647,155648,11/15/2020,Unknown,Nigeria,2020/11/16 05:25,65148,1163,61073,2912
155648,155649,11/15/2020,Unknown,North Macedonia,2020/11/16 05:25,47050,1305,27364,18381
155649,155650,11/15/2020,Unknown,Norway,2020/11/16 05:25,28434,294,11863,16277
155650,155651,11/15/2020,Unknown,Oman,2020/11/16 05:25,120389,1338,111096,7955
155651,155652,11/15/2020,Unknown,Panama,2020/11/16 05:25,146653,2873,125370,18410
155652,155653,11/15/2020,Unknown,Papua New Guinea,2020/11/16 05:25,602,7,586,9
155653,155654,11/15/2020,Unknown,Paraguay,2020/11/16 05:25,71574,1587,51375,18612
155654,155655,11/15/2020,Unknown,Philippines,2020/11/16 05:25,407838,7832,374329,25677
155655,155656,11/15/2020,Unknown,Poland,2020/11/16 05:25,712972,10348,294783,407841
155656,155657,11/15/2020,Unknown,Portugal,2020/11/16 05:25,217301,3381,125066,88854
155657,155658,11/15/2020,Unknown,Qatar,2020/11/16 05:25,135785,234,132784,2767
155658,155659,11/15/2020,Unknown,Romania,2020/11/16 05:25,360281,8926,243832,107523
155659,155660,11/15/2020,Unknown,Rwanda,2020/11/16 05:25,5455,45,4995,415
155660,155661,11/15/2020,Unknown,Saint Kitts and Nevis,2020/11/16 05:25,19,0,19,0
155661,155662,11/15/2020,Unknown,Saint Lucia,2020/11/16 05:25,162,2,46,114
155662,155663,11/15/2020,Unknown,Saint Vincent and the Grenadines,2020/11/16 05:25,78,0,77,1
155663,155664,11/15/2020,Unknown,San Marino,2020/11/16 05:25,1253,42,888,323
155664,155665,11/15/2020,Unknown,Sao Tome and Principe,2020/11/16 05:25,965,16,917,32
155665,155666,11/15/2020,Unknown,Saudi Arabia,2020/11/16 05:25,353255,5657,340304,7294
155666,155667,11/15/2020,Unknown,Senegal,2020/11/16 05:25,15793,328,15416,49
155667,155668,11/15/2020,Unknown,Serbia,2020/11/16 05:25,84568,1009,0,83559
155668,155669,11/15/2020,Unknown,Seychelles,2020/11/16 05:25,160,0,157,3
155669,155670,11/15/2020,Unknown,Sierra Leone,2020/11/16 05:25,2391,74,1820,497
155670,155671,11/15/2020,Unknown,Singapore,2020/11/16 05:25,58119,28,58029,62
155671,155672,11/15/2020,Unknown,Slovakia,2020/11/16 05:25,86767,510,30519,55738
155672,155673,11/15/2020,Unknown,Slovenia,2020/11/16 05:25,55042,797,34864,19381
155673,155674,11/15/2020,Unknown,Solomon Islands,2020/11/16 05:25,16,0,5,11
155674,155675,11/15/2020,Unknown,Somalia,2020/11/16 05:25,4301,107,3330,864
155675,155676,11/15/2020,Unknown,South Africa,2020/11/16 05:25,751024,20241,693467,37316
155676,155677,11/15/2020,Unknown,South Korea,2020/11/16 05:25,28769,494,25759,2516
155677,155678,11/15/2020,Unknown,South Sudan,2020/11/16 05:25,3003,59,1290,1654
155678,155679,11/15/2020,Unknown,Sri Lanka,2020/11/16 05:25,17287,58,11495,5734
155679,155680,11/15/2020,Unknown,Sudan,2020/11/16 05:25,14626,1116,9571,3939
155680,155681,11/15/2020,Unknown,Suriname,2020/11/16 05:25,5274,114,5148,12
155681,155682,11/15/2020,Unknown,Switzerland,2020/11/16 05:25,257135,3369,141000,112766
155682,155683,11/15/2020,Unknown,Syria,2020/11/16 05:25,6684,345,2714,3625
155683,155684,11/15/2020,Unknown,Taiwan,2020/11/16 05:25,602,7,536,59
155684,155685,11/15/2020,Unknown,Tajikistan,2020/11/16 05:25,11610,85,10973,552
155685,155686,11/15/2020,Unknown,Tanzania,2020/11/16 05:25,509,21,183,305
155686,155687,11/15/2020,Unknown,Thailand,2020/11/16 05:25,3875,60,3721,94
155687,155688,11/15/2020,Unknown,Timor-Leste,2020/11/16 05:25,30,0,30,0
155688,155689,11/15/2020,Unknown,Togo,2020/11/16 05:25,2675,61,1920,694
155689,155690,11/15/2020,Unknown,Trinidad and Tobago,2020/11/16 05:25,6080,112,5402,566
155690,155691,11/15/2020,Unknown,Tunisia,2020/11/16 05:25,80404,2345,54362,23697
155691,155692,11/15/2020,Unknown,Turkey,2020/11/16 05:25,414278,11507,353663,49108
155692,155693,11/15/2020,Unknown,Uganda,2020/11/16 05:25,16020,145,8038,7837
155693,155694,11/15/2020,Unknown,United Arab Emirates,2020/11/16 05:25,150345,530,143252,6563
155694,155695,11/15/2020,Unknown,Uruguay,2020/11/16 05:25,4030,65,3233,732
155695,155696,11/15/2020,Unknown,Uzbekistan,2020/11/16 05:25,70243,598,67526,2119
155696,155697,11/15/2020,Unknown,Vanuatu,2020/11/16 05:25,1,0,0,1
155697,155698,11/15/2020,Unknown,Venezuela,2020/11/16 05:25,97352,851,92373,4128
155698,155699,11/15/2020,Unknown,Vietnam,2020/11/16 05:25,1281,35,1103,143
155699,155700,11/15/2020,Unknown,West Bank and Gaza,2020/11/16 05:25,63031,565,54346,8120
155700,155701,11/15/2020,Unknown,Western Sahara,2020/11/16 05:25,10,1,8,1
155701,155702,11/15/2020,Unknown,Yemen,2020/11/16 05:25,2072,605,1394,73
155702,155703,11/15/2020,Unknown,Zambia,2020/11/16 05:25,17123,353,16137,633
155703,155704,11/15/2020,Unknown,Zimbabwe,2020/11/16 05:25,8829,257,8096,476
155704,155705,11/15/2020,Abruzzo,Italy,2020/11/16 05:25,19182,679,5469,13034
155705,155706,11/15/2020,Acre,Brazil,2020/11/16 05:25,33156,708,29425,3023
155706,155707,11/15/2020,Adygea Republic,Russia,2020/11/16 05:25,6828,58,5565,1205
155707,155708,11/15/2020,Aguascalientes,Mexico,2020/11/16 05:25,11225,951,0,10274
155708,155709,11/15/2020,Aichi,Japan,2020/11/16 05:25,7712,96,6327,1289
155709,155710,11/15/2020,Akita,Japan,2020/11/16 05:25,73,0,65,8
155710,155711,11/15/2020,Alabama,US,2020/11/16 05:25,217822,3248,0,214574
155711,155712,11/15/2020,Alagoas,Brazil,2020/11/16 05:25,92596,2295,89139,1162
155712,155713,11/15/2020,Alaska,US,2020/11/16 05:25,23814,98,0,23716
155713,155714,11/15/2020,Alberta,Canada,2020/11/16 05:25,39329,407,29304,9618
155714,155715,11/15/2020,Altai Krai,Russia,2020/11/16 05:25,22683,432,20043,2208
155715,155716,11/15/2020,Altai Republic,Russia,2020/11/16 05:25,9527,20,7020,2487
155716,155717,11/15/2020,Amapa,Brazil,2020/11/16 05:25,54979,777,45521,8681
155717,155718,11/15/2020,Amazonas,Brazil,2020/11/16 05:25,169333,4697,144258,20378
155718,155719,11/15/2020,Amazonas,Colombia,2020/11/16 05:25,2999,121,2849,29
155719,155720,11/15/2020,Amazonas,Peru,2020/11/16 05:25,17429,236,0,17193
155720,155721,11/15/2020,Amur Oblast,Russia,2020/11/16 05:25,9039,71,6637,2331
155721,155722,11/15/2020,Ancash,Peru,2020/11/16 05:25,27691,1392,0,26299
155722,155723,11/15/2020,Andalusia,Spain,2020/11/16 05:25,189744,3155,10671,175918
155723,155724,11/15/2020,Andaman and Nicobar Islands,India,2020/11/16 05:25,4536,61,4330,145
155724,155725,11/15/2020,Andhra Pradesh,India,2020/11/16 05:25,854011,6868,828484,18659
155725,155726,11/15/2020,Anguilla,UK,2020/11/16 05:25,3,0,3,0
155726,155727,11/15/2020,Anhui,China,2020/11/16 05:25,992,6,985,1
155727,155728,11/15/2020,Antioquia,Colombia,2020/11/16 05:25,194398,3644,181026,9728
155728,155729,11/15/2020,Antofagasta,Chile,2020/11/16 05:25,21861,550,21065,246
155729,155730,11/15/2020,Antwerp,Belgium,2020/11/16 05:25,62216,0,0,62216
155730,155731,11/15/2020,Aomori,Japan,2020/11/16 05:25,278,6,235,37
155731,155732,11/15/2020,Apurimac,Peru,2020/11/16 05:25,6166,126,0,6040
155732,155733,11/15/2020,Aragon,Spain,2020/11/16 05:25,67697,1966,3772,61959
155733,155734,11/15/2020,Arauca,Colombia,2020/11/16 05:25,3791,108,3479,204
155734,155735,11/15/2020,Araucania,Chile,2020/11/16 05:25,15207,187,13977,1043
155735,155736,11/15/2020,Arequipa,Peru,2020/11/16 05:25,45472,1492,0,43980
155736,155737,11/15/2020,Arica y Parinacota,Chile,2020/11/16 05:25,10000,195,9605,200
155737,155738,11/15/2020,Arizona,US,2020/11/16 05:25,275436,6302,0,269134
155738,155739,11/15/2020,Arkansas,US,2020/11/16 05:25,133040,2183,0,130857
155739,155740,11/15/2020,Arkhangelsk Oblast,Russia,2020/11/16 05:25,25942,315,15113,10514
155740,155741,11/15/2020,Aruba,Netherlands,2020/11/16 05:25,4662,44,4534,84
155741,155742,11/15/2020,Arunachal Pradesh,India,2020/11/16 05:25,15812,48,14500,1264
155742,155743,11/15/2020,Assam,India,2020/11/16 05:25,210268,963,205639,3666
155743,155744,11/15/2020,Astrakhan Oblast,Russia,2020/11/16 05:25,11523,209,8304,3010
155744,155745,11/15/2020,Asturias,Spain,2020/11/16 05:25,17669,661,1063,15945
155745,155746,11/15/2020,Atacama,Chile,2020/11/16 05:25,7977,101,7825,51
155746,155747,11/15/2020,Atlantico,Colombia,2020/11/16 05:25,74627,3161,70419,1047
155747,155748,11/15/2020,Australian Capital Territory,Australia,2020/11/16 05:25,114,3,111,0
155748,155749,11/15/2020,Ayacucho,Peru,2020/11/16 05:25,13995,343,0,13652
155749,155750,11/15/2020,Aysen,Chile,2020/11/16 05:25,1163,8,1107,48
155750,155751,11/15/2020,Azad Jammu and Kashmir,Pakistan,2020/11/16 05:25,5455,121,4007,1327
155751,155752,11/15/2020,Baden-Wurttemberg,Germany,2020/11/16 05:25,116996,2265,73833,40898
155752,155753,11/15/2020,Bahia,Brazil,2020/11/16 05:25,374009,7943,356425,9641
155753,155754,11/15/2020,Baja California,Mexico,2020/11/16 05:25,24490,4085,0,20405
155754,155755,11/15/2020,Baja California Sur,Mexico,2020/11/16 05:25,13477,636,0,12841
155755,155756,11/15/2020,Baleares,Spain,2020/11/16 05:25,21449,389,1533,19527
155756,155757,11/15/2020,Balochistan,Pakistan,2020/11/16 05:25,16407,156,15852,399
155757,155758,11/15/2020,Bashkortostan Republic,Russia,2020/11/16 05:25,12328,67,11142,1119
155758,155759,11/15/2020,Basilicata,Italy,2020/11/16 05:25,4979,79,931,3969
155759,155760,11/15/2020,Bayern,Germany,2020/11/16 05:25,158849,3144,104056,51649
155760,155761,11/15/2020,Beijing,China,2020/11/16 05:25,947,9,932,6
155761,155762,11/15/2020,Belgorod Oblast,Russia,2020/11/16 05:25,13720,64,11966,1690
155762,155763,11/15/2020,Berlin,Germany,2020/11/16 05:25,47697,363,29700,17634
155763,155764,11/15/2020,Bermuda,UK,2020/11/16 05:25,222,9,189,24
155764,155765,11/15/2020,Bihar,India,2020/11/16 05:25,225901,1184,219263,5454
155765,155766,11/15/2020,Biobio,Chile,2020/11/16 05:25,32850,546,30669,1635
155766,155767,11/15/2020,Blekinge,Sweden,2020/11/16 05:25,1345,19,0,1326
155767,155768,11/15/2020,Bolivar,Colombia,2020/11/16 05:25,35025,875,33456,694
155768,155769,11/15/2020,"Bonaire, Sint Eustatius and Saba",Netherlands,2020/11/16 05:25,155,3,151,1
155769,155770,11/15/2020,Boyaca,Colombia,2020/11/16 05:25,18382,385,16388,1609
155770,155771,11/15/2020,Brandenburg,Germany,2020/11/16 05:25,13708,250,9541,3917
155771,155772,11/15/2020,Bremen,Germany,2020/11/16 05:25,8303,97,5561,2645
155772,155773,11/15/2020,British Columbia,Canada,2020/11/16 05:25,20986,290,15117,5579
155773,155774,11/15/2020,British Virgin Islands,UK,2020/11/16 05:25,71,1,70,0
155774,155775,11/15/2020,Brussels,Belgium,2020/11/16 05:25,72592,0,0,72592
155775,155776,11/15/2020,Bryansk Oblast,Russia,2020/11/16 05:25,15221,99,11270,3852
155776,155777,11/15/2020,Buryatia Republic,Russia,2020/11/16 05:25,14838,273,12626,1939
155777,155778,11/15/2020,C. Valenciana,Spain,2020/11/16 05:25,81854,2013,9970,69871
155778,155779,11/15/2020,Cajamarca,Peru,2020/11/16 05:25,23031,546,0,22485
155779,155780,11/15/2020,Calabria,Italy,2020/11/16 05:25,10093,174,2880,7039
155780,155781,11/15/2020,Caldas,Colombia,2020/11/16 05:25,20268,378,17297,2593
155781,155782,11/15/2020,California,US,2020/11/16 05:25,1032095,18262,0,1013833
155782,155783,11/15/2020,Callao,Peru,2020/11/16 05:25,39197,1874,0,37323
155783,155784,11/15/2020,Campania,Italy,2020/11/16 05:25,111187,1029,21901,88257
155784,155785,11/15/2020,Campeche,Mexico,2020/11/16 05:25,6627,877,0,5750
155785,155786,11/15/2020,Canarias,Spain,2020/11/16 05:25,19019,311,1537,17171
155786,155787,11/15/2020,Cantabria,Spain,2020/11/16 05:25,12708,274,2287,10147
155787,155788,11/15/2020,Capital District,Colombia,2020/11/16 05:25,346711,8113,321548,17050
155788,155789,11/15/2020,Caqueta,Colombia,2020/11/16 05:25,12437,431,11243,763
155789,155790,11/15/2020,Casanare,Colombia,2020/11/16 05:25,5984,131,5453,400
155790,155791,11/15/2020,Castilla - La Mancha,Spain,2020/11/16 05:25,76456,3545,6392,66519
155791,155792,11/15/2020,Castilla y Leon,Spain,2020/11/16 05:25,104785,4070,8716,91999
155792,155793,11/15/2020,Catalonia,Spain,2020/11/16 05:25,278161,7362,26203,244596
155793,155794,11/15/2020,Cauca,Colombia,2020/11/16 05:25,14665,406,13212,1047
155794,155795,11/15/2020,Cayman Islands,UK,2020/11/16 05:25,254,1,240,13
155795,155796,11/15/2020,Ceara,Brazil,2020/11/16 05:25,285301,9439,241466,34396
155796,155797,11/15/2020,Cesar,Colombia,2020/11/16 05:25,27979,860,25600,1519
155797,155798,11/15/2020,Ceuta,Spain,2020/11/16 05:25,2436,44,163,2229
155798,155799,11/15/2020,Chandigarh,India,2020/11/16 05:25,15804,248,14468,1088
155799,155800,11/15/2020,Channel Islands,UK,2020/11/16 05:25,1003,48,816,139
155800,155801,11/15/2020,Chechen Republic,Russia,2020/11/16 05:25,3138,51,2202,885
155801,155802,11/15/2020,Chelyabinsk Oblast,Russia,2020/11/16 05:25,21773,172,19182,2419
155802,155803,11/15/2020,Cherkasy Oblast,Ukraine,2020/11/16 05:25,12996,140,7146,5710
155803,155804,11/15/2020,Chernihiv Oblast,Ukraine,2020/11/16 05:25,11419,89,2593,8737
155804,155805,11/15/2020,Chernivtsi Oblast,Ukraine,2020/11/16 05:25,27917,551,12114,15252
155805,155806,11/15/2020,Chhattisgarh,India,2020/11/16 05:25,210534,2578,188869,19087
155806,155807,11/15/2020,Chiapas,Mexico,2020/11/16 05:25,7618,1170,0,6448
155807,155808,11/15/2020,Chiba,Japan,2020/11/16 05:25,5782,84,5091,607
155808,155809,11/15/2020,Chihuahua,Mexico,2020/11/16 05:25,24950,2748,0,22202
155809,155810,11/15/2020,Choco,Colombia,2020/11/16 05:25,4406,163,4073,170
155810,155811,11/15/2020,Chongqing,China,2020/11/16 05:25,589,6,582,1
155811,155812,11/15/2020,Chukotka Autonomous Okrug,Russia,2020/11/16 05:25,286,3,240,43
155812,155813,11/15/2020,Chuvashia Republic,Russia,2020/11/16 05:25,10939,197,9558,1184
155813,155814,11/15/2020,Ciudad de Mexico,Mexico,2020/11/16 05:25,179791,12593,0,167198
155814,155815,11/15/2020,Coahuila,Mexico,2020/11/16 05:25,37653,2836,0,34817
155815,155816,11/15/2020,Colima,Mexico,2020/11/16 05:25,6924,729,0,6195
155816,155817,11/15/2020,Colorado,US,2020/11/16 05:25,163417,2546,0,160871
155817,155818,11/15/2020,Connecticut,US,2020/11/16 05:25,88645,4737,0,83908
155818,155819,11/15/2020,Coquimbo,Chile,2020/11/16 05:25,12840,261,12508,71
155819,155820,11/15/2020,Cordoba,Colombia,2020/11/16 05:25,27546,1637,24835,1074
155820,155821,11/15/2020,Crimea Republic*,Ukraine,2020/11/16 05:25,12206,206,7805,4195
155821,155822,11/15/2020,Cundinamarca,Colombia,2020/11/16 05:25,47258,1322,43754,2182
155822,155823,11/15/2020,Curacao,Netherlands,2020/11/16 05:25,1340,2,928,410
155823,155824,11/15/2020,Cusco,Peru,2020/11/16 05:25,23216,470,0,22746
155824,155825,11/15/2020,Dadra and Nagar Haveli and Daman and Diu,India,2020/11/16 05:25,3291,2,3267,22
155825,155826,11/15/2020,Dagestan Republic,Russia,2020/11/16 05:25,17424,847,15608,969
155826,155827,11/15/2020,Dalarna,Sweden,2020/11/16 05:25,4554,186,0,4368
155827,155828,11/15/2020,Delaware,US,2020/11/16 05:25,28803,736,0,28067
155828,155829,11/15/2020,Delhi,India,2020/11/16 05:25,485405,7614,437801,39990
155829,155830,11/15/2020,Diamond Princess cruise ship,Canada,2020/11/16 05:25,0,1,0,-1
155830,155831,11/15/2020,Diamond Princess cruise ship,US,2020/11/16 05:25,49,0,0,49
155831,155832,11/15/2020,District of Columbia,US,2020/11/16 05:25,18977,660,0,18317
155832,155833,11/15/2020,Distrito Federal,Brazil,2020/11/16 05:25,219992,3817,210836,5339
155833,155834,11/15/2020,Dnipropetrovsk Oblast,Ukraine,2020/11/16 05:25,21222,587,8730,11905
155834,155835,11/15/2020,Donetsk Oblast,Ukraine,2020/11/16 05:25,16983,256,6893,9834
155835,155836,11/15/2020,Drenthe,Netherlands,2020/11/16 05:25,6503,96,0,6407
155836,155837,11/15/2020,Durango,Mexico,2020/11/16 05:25,17499,983,0,16516
155837,155838,11/15/2020,East Flanders,Belgium,2020/11/16 05:25,48444,0,0,48444
155838,155839,11/15/2020,Ehime,Japan,2020/11/16 05:25,129,6,110,13
155839,155840,11/15/2020,Emilia-Romagna,Italy,2020/11/16 05:25,88520,5044,30275,53201
155840,155841,11/15/2020,England,UK,2020/11/16 05:25,1174979,45592,0,1129387
155841,155842,11/15/2020,Espirito Santo,Brazil,2020/11/16 05:25,169928,4009,156968,8951
155842,155843,11/15/2020,Extremadura,Spain,2020/11/16 05:25,25454,826,2652,21976
155843,155844,11/15/2020,Falkland Islands (Malvinas),UK,2020/11/16 05:25,15,0,13,2
155844,155845,11/15/2020,Faroe Islands,Denmark,2020/11/16 05:25,498,0,495,3
155845,155846,11/15/2020,Flemish Brabant,Belgium,2020/11/16 05:25,41165,0,0,41165
155846,155847,11/15/2020,Flevoland,Netherlands,2020/11/16 05:25,8656,121,0,8535
155847,155848,11/15/2020,Florida,US,2020/11/16 05:25,885201,17518,0,867683
155848,155849,11/15/2020,French Guiana,France,2020/11/16 05:25,10844,70,9995,779
155849,155850,11/15/2020,French Polynesia,France,2020/11/16 05:25,11706,53,4842,6811
155850,155851,11/15/2020,Friesland,Netherlands,2020/11/16 05:25,7138,101,0,7037
155851,155852,11/15/2020,Friuli Venezia Giulia,Italy,2020/11/16 05:25,18937,528,8482,9927
155852,155853,11/15/2020,Fujian,China,2020/11/16 05:25,461,1,426,34
155853,155854,11/15/2020,Fukui,Japan,2020/11/16 05:25,272,11,246,15
155854,155855,11/15/2020,Fukuoka,Japan,2020/11/16 05:25,5373,103,5156,114
155855,155856,11/15/2020,Fukushima,Japan,2020/11/16 05:25,438,6,389,43
155856,155857,11/15/2020,Galicia,Spain,2020/11/16 05:25,42132,1061,9204,31867
155857,155858,11/15/2020,Gansu,China,2020/11/16 05:25,181,2,177,2
155858,155859,11/15/2020,Gavleborg,Sweden,2020/11/16 05:25,4766,172,0,4594
155859,155860,11/15/2020,Gelderland,Netherlands,2020/11/16 05:25,43814,956,0,42858
155860,155861,11/15/2020,Georgia,US,2020/11/16 05:25,424989,8957,0,416032
155861,155862,11/15/2020,Gibraltar,UK,2020/11/16 05:25,902,1,754,147
155862,155863,11/15/2020,Gifu,Japan,2020/11/16 05:25,809,12,693,104
155863,155864,11/15/2020,Gilgit-Baltistan,Pakistan,2020/11/16 05:25,4452,93,4203,156
155864,155865,11/15/2020,Goa,India,2020/11/16 05:25,45903,662,43656,1585
155865,155866,11/15/2020,Goias,Brazil,2020/11/16 05:25,267603,6034,257865,3704
155866,155867,11/15/2020,Gotland,Sweden,2020/11/16 05:25,777,7,0,770
155867,155868,11/15/2020,Grand Princess,Canada,2020/11/16 05:25,13,0,13,0
155868,155869,11/15/2020,Grand Princess,US,2020/11/16 05:25,103,3,0,100
155869,155870,11/15/2020,Greenland,Denmark,2020/11/16 05:25,18,0,17,1
155870,155871,11/15/2020,Groningen,Netherlands,2020/11/16 05:25,7124,44,0,7080
155871,155872,11/15/2020,Guadeloupe,France,2020/11/16 05:25,8098,139,2242,5717
155872,155873,11/15/2020,Guainia,Colombia,2020/11/16 05:25,1167,19,1142,6
155873,155874,11/15/2020,Guam,US,2020/11/16 05:25,5924,92,0,5832
155874,155875,11/15/2020,Guanajuato,Mexico,2020/11/16 05:25,54257,3651,0,50606
155875,155876,11/15/2020,Guangdong,China,2020/11/16 05:25,1968,8,1923,37
155876,155877,11/15/2020,Guangxi,China,2020/11/16 05:25,260,2,258,0
155877,155878,11/15/2020,Guaviare,Colombia,2020/11/16 05:25,1690,26,1616,48
155878,155879,11/15/2020,Guerrero,Mexico,2020/11/16 05:25,22961,2393,0,20568
155879,155880,11/15/2020,Guizhou,China,2020/11/16 05:25,147,2,145,0
155880,155881,11/15/2020,Gujarat,India,2020/11/16 05:25,188310,3803,171932,12575
155881,155882,11/15/2020,Gunma,Japan,2020/11/16 05:25,956,20,890,46
155882,155883,11/15/2020,Hainan,China,2020/11/16 05:25,171,6,165,0
155883,155884,11/15/2020,Hainaut,Belgium,2020/11/16 05:25,86262,0,0,86262
155884,155885,11/15/2020,Halland,Sweden,2020/11/16 05:25,4847,95,0,4752
155885,155886,11/15/2020,Hamburg,Germany,2020/11/16 05:25,20221,313,11400,8508
155886,155887,11/15/2020,Haryana,India,2020/11/16 05:25,199874,2019,178298,19557
155887,155888,11/15/2020,Hawaii,US,2020/11/16 05:25,16759,222,0,16537
155888,155889,11/15/2020,Hebei,China,2020/11/16 05:25,373,6,362,5
155889,155890,11/15/2020,Heilongjiang,China,2020/11/16 05:25,949,13,936,0
155890,155891,11/15/2020,Henan,China,2020/11/16 05:25,1288,22,1259,7
155891,155892,11/15/2020,Hessen,Germany,2020/11/16 05:25,65479,873,38465,26141
155892,155893,11/15/2020,Hidalgo,Mexico,2020/11/16 05:25,17187,2494,0,14693
155893,155894,11/15/2020,Himachal Pradesh,India,2020/11/16 05:25,29713,442,22392,6879
155894,155895,11/15/2020,Hiroshima,Japan,2020/11/16 05:25,697,5,658,34
155895,155896,11/15/2020,Hokkaido,Japan,2020/11/16 05:25,5483,126,3324,2033
155896,155897,11/15/2020,Hong Kong,Hong Kong,2020/11/16 05:25,5458,108,5194,156
155897,155898,11/15/2020,Huancavelica,Peru,2020/11/16 05:25,7485,130,0,7355
155898,155899,11/15/2020,Huanuco,Peru,2020/11/16 05:25,18404,437,0,17967
155899,155900,11/15/2020,Hubei,China,2020/11/16 05:25,68148,4512,63627,9
155900,155901,11/15/2020,Huila,Colombia,2020/11/16 05:25,27302,828,25581,893
155901,155902,11/15/2020,Hunan,China,2020/11/16 05:25,1020,4,1015,1
155902,155903,11/15/2020,Hyogo,Japan,2020/11/16 05:25,3974,70,3399,505
155903,155904,11/15/2020,Ibaraki,Japan,2020/11/16 05:25,967,19,779,169
155904,155905,11/15/2020,Ica,Peru,2020/11/16 05:25,30472,1696,0,28776
155905,155906,11/15/2020,Idaho,US,2020/11/16 05:25,82245,759,0,81486
155906,155907,11/15/2020,Illinois,US,2020/11/16 05:25,573616,11162,0,562454
155907,155908,11/15/2020,Indiana,US,2020/11/16 05:25,251597,4910,0,246687
155908,155909,11/15/2020,Ingushetia Republic,Russia,2020/11/16 05:25,8331,104,6869,1358
155909,155910,11/15/2020,Inner Mongolia,China,2020/11/16 05:25,307,1,282,24
155910,155911,11/15/2020,Iowa,US,2020/11/16 05:25,186314,1989,0,184325
155911,155912,11/15/2020,Irkutsk Oblast,Russia,2020/11/16 05:25,28078,585,24082,3411
155912,155913,11/15/2020,Ishikawa,Japan,2020/11/16 05:25,830,49,766,15
155913,155914,11/15/2020,Islamabad,Pakistan,2020/11/16 05:25,24218,257,20274,3687
155914,155915,11/15/2020,Isle of Man,UK,2020/11/16 05:25,363,25,329,9
155915,155916,11/15/2020,Ivano-Frankivsk Oblast,Ukraine,2020/11/16 05:25,27986,515,11953,15518
155916,155917,11/15/2020,Ivanovo Oblast,Russia,2020/11/16 05:25,13497,203,9497,3797
155917,155918,11/15/2020,Iwate,Japan,2020/11/16 05:25,75,0,28,47
155918,155919,11/15/2020,Jalisco,Mexico,2020/11/16 05:25,37479,4479,0,33000
155919,155920,11/15/2020,Jammu and Kashmir,India,2020/11/16 05:25,102619,1589,95342,5688
155920,155921,11/15/2020,Jamtland Harjedalen,Sweden,2020/11/16 05:25,1993,67,0,1926
155921,155922,11/15/2020,Jewish Autonomous Okrug,Russia,2020/11/16 05:25,2534,44,1405,1085
155922,155923,11/15/2020,Jharkhand,India,2020/11/16 05:25,106064,924,102188,2952
155923,155924,11/15/2020,Jiangsu,China,2020/11/16 05:25,677,0,666,11
155924,155925,11/15/2020,Jiangxi,China,2020/11/16 05:25,935,1,934,0
155925,155926,11/15/2020,Jilin,China,2020/11/16 05:25,157,2,155,0
155926,155927,11/15/2020,Jonkoping,Sweden,2020/11/16 05:25,9066,192,0,8874
155927,155928,11/15/2020,Junin,Peru,2020/11/16 05:25,24417,874,0,23543
155928,155929,11/15/2020,Kabardino-Balkarian Republic,Russia,2020/11/16 05:25,11362,176,8185,3001
155929,155930,11/15/2020,Kagawa,Japan,2020/11/16 05:25,115,2,100,13
155930,155931,11/15/2020,Kagoshima,Japan,2020/11/16 05:25,557,15,470,72
155931,155932,11/15/2020,Kaliningrad Oblast,Russia,2020/11/16 05:25,8789,105,5682,3002
155932,155933,11/15/2020,Kalmar,Sweden,2020/11/16 05:25,1907,65,0,1842
155933,155934,11/15/2020,Kalmykia Republic,Russia,2020/11/16 05:25,10455,115,7867,2473
155934,155935,11/15/2020,Kaluga Oblast,Russia,2020/11/16 05:25,13895,97,10606,3192
155935,155936,11/15/2020,Kamchatka Krai,Russia,2020/11/16 05:25,6657,70,4315,2272
155936,155937,11/15/2020,Kanagawa,Japan,2020/11/16 05:25,10173,183,8932,1058
155937,155938,11/15/2020,Kansas,US,2020/11/16 05:25,117564,1184,0,116380
155938,155939,11/15/2020,Karachay-Cherkess Republic,Russia,2020/11/16 05:25,10911,34,6816,4061
155939,155940,11/15/2020,Karelia Republic,Russia,2020/11/16 05:25,9988,70,5114,4804
155940,155941,11/15/2020,Karnataka,India,2020/11/16 05:25,861647,11529,822953,27165
155941,155942,11/15/2020,Kemerovo Oblast,Russia,2020/11/16 05:25,18113,310,14544,3259
155942,155943,11/15/2020,Kentucky,US,2020/11/16 05:25,137586,1661,0,135925
155943,155944,11/15/2020,Kerala,India,2020/11/16 05:25,524998,1869,448207,74922
155944,155945,11/15/2020,Khabarovsk Krai,Russia,2020/11/16 05:25,19943,146,12934,6863
155945,155946,11/15/2020,Khakassia Republic,Russia,2020/11/16 05:25,9393,95,6543,2755
155946,155947,11/15/2020,Khanty-Mansi Autonomous Okrug,Russia,2020/11/16 05:25,31247,318,26152,4777
155947,155948,11/15/2020,Kharkiv Oblast,Ukraine,2020/11/16 05:25,47599,642,14611,32346
155948,155949,11/15/2020,Kherson Oblast,Ukraine,2020/11/16 05:25,6967,143,2747,4077
155949,155950,11/15/2020,Khmelnytskyi Oblast,Ukraine,2020/11/16 05:25,22879,362,11724,10793
155950,155951,11/15/2020,Khyber Pakhtunkhwa,Pakistan,2020/11/16 05:25,42370,1311,39005,2054
155951,155952,11/15/2020,Kiev,Ukraine,2020/11/16 05:25,50620,965,18759,30896
155952,155953,11/15/2020,Kiev Oblast,Ukraine,2020/11/16 05:25,24493,560,9986,13947
155953,155954,11/15/2020,Kirov Oblast,Russia,2020/11/16 05:25,14674,183,8392,6099
155954,155955,11/15/2020,Kirovohrad Oblast,Ukraine,2020/11/16 05:25,3651,121,1782,1748
155955,155956,11/15/2020,Kochi,Japan,2020/11/16 05:25,144,4,140,0
155956,155957,11/15/2020,Komi Republic,Russia,2020/11/16 05:25,17113,277,11880,4956
155957,155958,11/15/2020,Kostroma Oblast,Russia,2020/11/16 05:25,9326,163,5760,3403
155958,155959,11/15/2020,Krasnodar Krai,Russia,2020/11/16 05:25,19548,506,12456,6586
155959,155960,11/15/2020,Krasnoyarsk Krai,Russia,2020/11/16 05:25,31226,825,23701,6700
155960,155961,11/15/2020,Kronoberg,Sweden,2020/11/16 05:25,3679,135,0,3544
155961,155962,11/15/2020,Kumamoto,Japan,2020/11/16 05:25,915,10,815,90
155962,155963,11/15/2020,Kurgan Oblast,Russia,2020/11/16 05:25,7182,108,6449,625
155963,155964,11/15/2020,Kursk Oblast,Russia,2020/11/16 05:25,12975,146,9690,3139
155964,155965,11/15/2020,Kyoto,Japan,2020/11/16 05:25,2296,33,2065,198
155965,155966,11/15/2020,La Guajira,Colombia,2020/11/16 05:25,10991,437,10121,433
155966,155967,11/15/2020,La Libertad,Peru,2020/11/16 05:25,34093,2332,0,31761
155967,155968,11/15/2020,La Rioja,Spain,2020/11/16 05:25,14972,506,3107,11359
155968,155969,11/15/2020,Ladakh,India,2020/11/16 05:25,7396,89,6385,922
155969,155970,11/15/2020,Lakshadweep,India,2020/11/16 05:25,0,0,0,0
155970,155971,11/15/2020,Lambayeque,Peru,2020/11/16 05:25,29707,1807,0,27900
155971,155972,11/15/2020,Lazio,Italy,2020/11/16 05:25,84274,1646,15319,67309
155972,155973,11/15/2020,Leningrad Oblast,Russia,2020/11/16 05:25,13927,121,8267,5539
155973,155974,11/15/2020,Liaoning,China,2020/11/16 05:25,288,2,280,6
155974,155975,11/15/2020,Liege,Belgium,2020/11/16 05:25,87228,0,0,87228
155975,155976,11/15/2020,Liguria,Italy,2020/11/16 05:25,43377,2109,25530,15738
155976,155977,11/15/2020,Lima,Peru,2020/11/16 05:25,419479,15800,0,403679
155977,155978,11/15/2020,Limburg,Belgium,2020/11/16 05:25,22014,0,0,22014
155978,155979,11/15/2020,Limburg,Netherlands,2020/11/16 05:25,20736,840,0,19896
155979,155980,11/15/2020,Lipetsk Oblast,Russia,2020/11/16 05:25,9522,85,7652,1785
155980,155981,11/15/2020,Lombardia,Italy,2020/11/16 05:25,320780,19367,138872,162541
155981,155982,11/15/2020,Loreto,Peru,2020/11/16 05:25,23339,979,0,22360
155982,155983,11/15/2020,Los Lagos,Chile,2020/11/16 05:25,18036,161,16440,1435
155983,155984,11/15/2020,Los Rios,Chile,2020/11/16 05:25,4823,43,4138,642
155984,155985,11/15/2020,Louisiana,US,2020/11/16 05:25,201981,6121,0,195860
155985,155986,11/15/2020,Luhansk Oblast,Ukraine,2020/11/16 05:25,5147,123,2648,2376
155986,155987,11/15/2020,Luxembourg,Belgium,2020/11/16 05:25,14877,0,0,14877
155987,155988,11/15/2020,Lviv Oblast,Ukraine,2020/11/16 05:25,36894,1057,24393,11444
155988,155989,11/15/2020,Macau,Macau,2020/11/16 05:25,46,0,46,0
155989,155990,11/15/2020,Madhya Pradesh,India,2020/11/16 05:25,183927,3090,171691,9146
155990,155991,11/15/2020,Madre de Dios,Peru,2020/11/16 05:25,9032,149,0,8883
155991,155992,11/15/2020,Madrid,Spain,2020/11/16 05:25,330483,11053,40736,278694
155992,155993,11/15/2020,Magadan Oblast,Russia,2020/11/16 05:25,5031,47,3940,1044
155993,155994,11/15/2020,Magallanes,Chile,2020/11/16 05:25,13355,166,12772,417
155994,155995,11/15/2020,Magdalena,Colombia,2020/11/16 05:25,18548,937,16865,746
155995,155996,11/15/2020,Maharashtra,India,2020/11/16 05:25,1747242,45974,1615379,85889
155996,155997,11/15/2020,Maine,US,2020/11/16 05:25,8944,165,0,8779
155997,155998,11/15/2020,Manipur,India,2020/11/16 05:25,21871,221,18593,3057
155998,155999,11/15/2020,Manitoba,Canada,2020/11/16 05:25,10947,162,4070,6715
155999,156000,11/15/2020,Maranhao,Brazil,2020/11/16 05:25,189590,4178,182795,2617
156000,156001,11/15/2020,Marche,Italy,2020/11/16 05:25,23316,1111,8156,14049
156001,156002,11/15/2020,Mari El Republic,Russia,2020/11/16 05:25,6812,76,5711,1025
156002,156003,11/15/2020,Martinique,France,2020/11/16 05:25,4732,37,98,4597
156003,156004,11/15/2020,Maryland,US,2020/11/16 05:25,165930,4302,0,161628
156004,156005,11/15/2020,Massachusetts,US,2020/11/16 05:25,188275,10329,0,177946
156005,156006,11/15/2020,Mato Grosso,Brazil,2020/11/16 05:25,151582,3986,142755,4841
156006,156007,11/15/2020,Mato Grosso do Sul,Brazil,2020/11/16 05:25,87935,1690,81625,4620
156007,156008,11/15/2020,Maule,Chile,2020/11/16 05:25,20027,450,19012,565
156008,156009,11/15/2020,Mayotte,France,2020/11/16 05:25,4921,46,2964,1911
156009,156010,11/15/2020,Mecklenburg-Vorpommern,Germany,2020/11/16 05:25,4435,38,2991,1406
156010,156011,11/15/2020,Meghalaya,India,2020/11/16 05:25,10665,100,9594,971
156011,156012,11/15/2020,Melilla,Spain,2020/11/16 05:25,3591,32,125,3434
156012,156013,11/15/2020,Meta,Colombia,2020/11/16 05:25,25640,584,24126,930
156013,156014,11/15/2020,Metropolitana,Chile,2020/11/16 05:25,300954,10116,288748,2090
156014,156015,11/15/2020,Mexico,Mexico,2020/11/16 05:25,103394,14775,0,88619
156015,156016,11/15/2020,Michigan,US,2020/11/16 05:25,275792,8376,0,267416
156016,156017,11/15/2020,Michoacan,Mexico,2020/11/16 05:25,26871,2173,0,24698
156017,156018,11/15/2020,Mie,Japan,2020/11/16 05:25,619,6,564,49
156018,156019,11/15/2020,Minas Gerais,Brazil,2020/11/16 05:25,382882,9507,352001,21374
156019,156020,11/15/2020,Minnesota,US,2020/11/16 05:25,223581,2961,0,220620
156020,156021,11/15/2020,Mississippi,US,2020/11/16 05:25,134309,3543,0,130766
156021,156022,11/15/2020,Missouri,US,2020/11/16 05:25,244541,3387,0,241154
156022,156023,11/15/2020,Miyagi,Japan,2020/11/16 05:25,989,7,778,204
156023,156024,11/15/2020,Miyazaki,Japan,2020/11/16 05:25,373,1,370,2
156024,156025,11/15/2020,Mizoram,India,2020/11/16 05:25,3396,4,2876,516
156025,156026,11/15/2020,Molise,Italy,2020/11/16 05:25,2995,67,916,2012
156026,156027,11/15/2020,Montana,US,2020/11/16 05:25,47158,520,0,46638
156027,156028,11/15/2020,Montserrat,UK,2020/11/16 05:25,13,1,12,0
156028,156029,11/15/2020,Moquegua,Peru,2020/11/16 05:25,14822,285,0,14537
156029,156030,11/15/2020,Mordovia Republic,Russia,2020/11/16 05:25,9428,56,7777,1595
156030,156031,11/15/2020,Morelos,Mexico,2020/11/16 05:25,7307,1263,0,6044
156031,156032,11/15/2020,Moscow,Russia,2020/11/16 05:25,510214,7787,367613,134814
156032,156033,11/15/2020,Moscow Oblast,Russia,2020/11/16 05:25,96657,1799,71366,23492
156033,156034,11/15/2020,Murcia,Spain,2020/11/16 05:25,48473,472,2180,45821
156034,156035,11/15/2020,Murmansk Oblast,Russia,2020/11/16 05:25,23328,381,18968,3979
156035,156036,11/15/2020,Mykolaiv Oblast,Ukraine,2020/11/16 05:25,12340,241,3835,8264
156036,156037,11/15/2020,Nagaland,India,2020/11/16 05:25,9885,52,8913,920
156037,156038,11/15/2020,Nagano,Japan,2020/11/16 05:25,460,6,345,109
156038,156039,11/15/2020,Nagasaki,Japan,2020/11/16 05:25,251,3,242,6
156039,156040,11/15/2020,Namur,Belgium,2020/11/16 05:25,30287,0,0,30287
156040,156041,11/15/2020,Nara,Japan,2020/11/16 05:25,844,11,672,161
156041,156042,11/15/2020,Narino,Colombia,2020/11/16 05:25,23821,802,21832,1187
156042,156043,11/15/2020,Navarra,Spain,2020/11/16 05:25,37333,787,3905,32641
156043,156044,11/15/2020,Nayarit,Mexico,2020/11/16 05:25,6943,896,0,6047
156044,156045,11/15/2020,Nebraska,US,2020/11/16 05:25,98161,779,0,97382
156045,156046,11/15/2020,Nenets Autonomous Okrug,Russia,2020/11/16 05:25,574,0,303,271
156046,156047,11/15/2020,Nevada,US,2020/11/16 05:25,120183,1909,0,118274
156047,156048,11/15/2020,New Brunswick,Canada,2020/11/16 05:25,367,6,339,22
156048,156049,11/15/2020,New Caledonia,France,2020/11/16 05:25,30,0,28,2
156049,156050,11/15/2020,New Hampshire,US,2020/11/16 05:25,14682,499,0,14183
156050,156051,11/15/2020,New Jersey,US,2020/11/16 05:25,279274,16566,0,262708
156051,156052,11/15/2020,New Mexico,US,2020/11/16 05:25,64201,1215,0,62986
156052,156053,11/15/2020,New South Wales,Australia,2020/11/16 05:25,4498,53,3156,1289
156053,156054,11/15/2020,New York,US,2020/11/16 05:25,560200,34032,0,526168
156054,156055,11/15/2020,Newfoundland and Labrador,Canada,2020/11/16 05:25,303,4,289,10
156055,156056,11/15/2020,Niedersachsen,Germany,2020/11/16 05:25,55433,904,38274,16255
156056,156057,11/15/2020,Niigata,Japan,2020/11/16 05:25,226,0,184,42
156057,156058,11/15/2020,Ningxia,China,2020/11/16 05:25,75,0,75,0
156058,156059,11/15/2020,Nizhny Novgorod Oblast,Russia,2020/11/16 05:25,47807,970,40239,6598
156059,156060,11/15/2020,Noord-Brabant,Netherlands,2020/11/16 05:25,70098,1918,0,68180
156060,156061,11/15/2020,Noord-Holland,Netherlands,2020/11/16 05:25,82497,1178,0,81319
156061,156062,11/15/2020,Nordrhein-Westfalen,Germany,2020/11/16 05:25,202817,2637,128399,71781
156062,156063,11/15/2020,Norrbotten,Sweden,2020/11/16 05:25,3188,91,0,3097
156063,156064,11/15/2020,Norte de Santander,Colombia,2020/11/16 05:25,24803,1215,22419,1169
156064,156065,11/15/2020,North Carolina,US,2020/11/16 05:25,312235,4806,0,307429
156065,156066,11/15/2020,North Dakota,US,2020/11/16 05:25,63796,736,0,63060
156066,156067,11/15/2020,North Ossetia - Alania Republic,Russia,2020/11/16 05:25,8246,72,6039,2135
156067,156068,11/15/2020,Northern Ireland,UK,2020/11/16 05:25,46831,855,0,45976
156068,156069,11/15/2020,Northern Mariana Islands,US,2020/11/16 05:25,102,2,0,100
156069,156070,11/15/2020,Northern Territory,Australia,2020/11/16 05:25,46,0,38,8
156070,156071,11/15/2020,Northwest Territories,Canada,2020/11/16 05:25,15,0,10,5
156071,156072,11/15/2020,Nova Scotia,Canada,2020/11/16 05:25,1144,65,1058,21
156072,156073,11/15/2020,Novgorod Oblast,Russia,2020/11/16 05:25,9074,89,5725,3260
156073,156074,11/15/2020,Novosibirsk Oblast,Russia,2020/11/16 05:25,20001,655,16307,3039
156074,156075,11/15/2020,Nuble,Chile,2020/11/16 05:25,8028,163,7612,253
156075,156076,11/15/2020,Nuevo Leon,Mexico,2020/11/16 05:25,60393,4243,0,56150
156076,156077,11/15/2020,OHiggins,Chile,2020/11/16 05:25,19264,518,18472,274
156077,156078,11/15/2020,Oaxaca,Mexico,2020/11/16 05:25,22884,1823,0,21061
156078,156079,11/15/2020,Odessa Oblast,Ukraine,2020/11/16 05:25,32782,460,7842,24480
156079,156080,11/15/2020,Odisha,India,2020/11/16 05:25,308659,1527,297862,9270
156080,156081,11/15/2020,Ohio,US,2020/11/16 05:25,298096,5722,0,292374
156081,156082,11/15/2020,Oita,Japan,2020/11/16 05:25,164,3,158,3
156082,156083,11/15/2020,Okayama,Japan,2020/11/16 05:25,396,10,259,127
156083,156084,11/15/2020,Okinawa,Japan,2020/11/16 05:25,3744,66,3347,331
156084,156085,11/15/2020,Oklahoma,US,2020/11/16 05:25,154128,1528,0,152600
156085,156086,11/15/2020,Omsk Oblast,Russia,2020/11/16 05:25,19024,442,14918,3664
156086,156087,11/15/2020,Ontario,Canada,2020/11/16 05:25,97371,3408,82137,11826
156087,156088,11/15/2020,Orebro,Sweden,2020/11/16 05:25,7327,180,0,7147
156088,156089,11/15/2020,Oregon,US,2020/11/16 05:25,56880,761,0,56119
156089,156090,11/15/2020,Orel Oblast,Russia,2020/11/16 05:25,13950,171,10819,2960
156090,156091,11/15/2020,Orenburg Oblast,Russia,2020/11/16 05:25,20377,155,17732,2490
156091,156092,11/15/2020,Osaka,Japan,2020/11/16 05:25,15421,254,13080,2087
156092,156093,11/15/2020,Ostergotland,Sweden,2020/11/16 05:25,7847,261,0,7586
156093,156094,11/15/2020,Overijssel,Netherlands,2020/11/16 05:25,26317,477,0,25840
156094,156095,11/15/2020,P.A. Bolzano,Italy,2020/11/16 05:25,17302,398,6614,10290
156095,156096,11/15/2020,P.A. Trento,Italy,2020/11/16 05:25,12568,524,9082,2962
156096,156097,11/15/2020,Pais Vasco,Spain,2020/11/16 05:25,84175,2242,16160,65773
156097,156098,11/15/2020,Para,Brazil,2020/11/16 05:25,261788,6827,244543,10418
156098,156099,11/15/2020,Paraiba,Brazil,2020/11/16 05:25,138546,3204,112055,23287
156099,156100,11/15/2020,Parana,Brazil,2020/11/16 05:25,239107,5697,171523,61887
156100,156101,11/15/2020,Pasco,Peru,2020/11/16 05:25,6016,118,0,5898
156101,156102,11/15/2020,Pennsylvania,US,2020/11/16 05:25,268696,9290,0,259406
156102,156103,11/15/2020,Penza Oblast,Russia,2020/11/16 05:25,17766,216,13271,4279
156103,156104,11/15/2020,Perm Krai,Russia,2020/11/16 05:25,16418,468,11070,4880
156104,156105,11/15/2020,Pernambuco,Brazil,2020/11/16 05:25,170860,8827,151016,11017
156105,156106,11/15/2020,Piaui,Brazil,2020/11/16 05:25,120172,2524,116994,654
156106,156107,11/15/2020,Piemonte,Italy,2020/11/16 05:25,125465,5046,49190,71229
156107,156108,11/15/2020,Piura,Peru,2020/11/16 05:25,39535,2057,0,37478
156108,156109,11/15/2020,Poltava Oblast,Ukraine,2020/11/16 05:25,14966,302,6493,8171
156109,156110,11/15/2020,Port Quarantine,Japan,2020/11/16 05:25,1354,1,514,839
156110,156111,11/15/2020,Primorsky Krai,Russia,2020/11/16 05:25,18504,193,13806,4505
156111,156112,11/15/2020,Prince Edward Island,Canada,2020/11/16 05:25,68,0,64,4
156112,156113,11/15/2020,Pskov Oblast,Russia,2020/11/16 05:25,9705,72,5069,4564
156113,156114,11/15/2020,Puducherry,India,2020/11/16 05:25,36324,608,34732,984
156114,156115,11/15/2020,Puebla,Mexico,2020/11/16 05:25,37628,4969,0,32659
156115,156116,11/15/2020,Puerto Rico,US,2020/11/16 05:25,42479,935,0,41544
156116,156117,11/15/2020,Puglia,Italy,2020/11/16 05:25,34438,985,8751,24702
156117,156118,11/15/2020,Punjab,India,2020/11/16 05:25,141658,4458,131431,5769
156118,156119,11/15/2020,Punjab,Pakistan,2020/11/16 05:25,110450,2475,97776,10199
156119,156120,11/15/2020,Puno,Peru,2020/11/16 05:25,17862,357,0,17505
156120,156121,11/15/2020,Putumayo,Colombia,2020/11/16 05:25,4668,217,4249,202
156121,156122,11/15/2020,Qinghai,China,2020/11/16 05:25,18,0,18,0
156122,156123,11/15/2020,Quebec,Canada,2020/11/16 05:25,123854,6626,104848,12380
156123,156124,11/15/2020,Queensland,Australia,2020/11/16 05:25,1185,6,1171,8
156124,156125,11/15/2020,Queretaro,Mexico,2020/11/16 05:25,17308,1267,0,16041
156125,156126,11/15/2020,Quindio,Colombia,2020/11/16 05:25,14143,355,12493,1295
156126,156127,11/15/2020,Quintana Roo,Mexico,2020/11/16 05:25,13899,1888,0,12011
156127,156128,11/15/2020,Rajasthan,India,2020/11/16 05:25,225817,2066,205414,18337
156128,156129,11/15/2020,Recovered,US,2020/11/16 05:25,0,0,4174884,-4174884
156129,156130,11/15/2020,Reunion,France,2020/11/16 05:25,6881,29,5928,924
156130,156131,11/15/2020,Rheinland-Pfalz,Germany,2020/11/16 05:25,32563,363,18602,13598
156131,156132,11/15/2020,Rhode Island,US,2020/11/16 05:25,41529,1254,0,40275
156132,156133,11/15/2020,Rio Grande do Norte,Brazil,2020/11/16 05:25,83646,2641,47160,33845
156133,156134,11/15/2020,Rio Grande do Sul,Brazil,2020/11/16 05:25,278707,6219,254703,17785
156134,156135,11/15/2020,Rio de Janeiro,Brazil,2020/11/16 05:25,326956,21294,297514,8148
156135,156136,11/15/2020,Risaralda,Colombia,2020/11/16 05:25,20444,482,18652,1310
156136,156137,11/15/2020,Rivne Oblast,Ukraine,2020/11/16 05:25,24969,319,18276,6374
156137,156138,11/15/2020,Rondonia,Brazil,2020/11/16 05:25,75182,1501,67037,6644
156138,156139,11/15/2020,Roraima,Brazil,2020/11/16 05:25,60535,706,55878,3951
156139,156140,11/15/2020,Rostov Oblast,Russia,2020/11/16 05:25,35281,1063,28236,5982
156140,156141,11/15/2020,Ryazan Oblast,Russia,2020/11/16 05:25,12325,73,9006,3246
156141,156142,11/15/2020,Saarland,Germany,2020/11/16 05:25,10473,231,7902,2340
156142,156143,11/15/2020,Sachsen,Germany,2020/11/16 05:25,34970,514,15843,18613
156143,156144,11/15/2020,Sachsen-Anhalt,Germany,2020/11/16 05:25,8166,105,5471,2590
156144,156145,11/15/2020,Saga,Japan,2020/11/16 05:25,276,1,266,9
156145,156146,11/15/2020,Saint Barthelemy,France,2020/11/16 05:25,109,0,83,26
156146,156147,11/15/2020,Saint Petersburg,Russia,2020/11/16 05:25,81704,4551,48663,28490
156147,156148,11/15/2020,Saint Pierre and Miquelon,France,2020/11/16 05:25,16,0,12,4
156148,156149,11/15/2020,Saitama,Japan,2020/11/16 05:25,6823,118,5864,841
156149,156150,11/15/2020,Sakha (Yakutiya) Republic,Russia,2020/11/16 05:25,16730,206,10176,6348
156150,156151,11/15/2020,Sakhalin Oblast,Russia,2020/11/16 05:25,9429,4,6329,3096
156151,156152,11/15/2020,Samara Oblast,Russia,2020/11/16 05:25,18861,355,16842,1664
156152,156153,11/15/2020,San Andres y Providencia,Colombia,2020/11/16 05:25,1988,31,1899,58
156153,156154,11/15/2020,San Luis Potosi,Mexico,2020/11/16 05:25,31747,2263,0,29484
156154,156155,11/15/2020,San Martin,Peru,2020/11/16 05:25,22782,748,0,22034
156155,156156,11/15/2020,Santa Catarina,Brazil,2020/11/16 05:25,295946,3318,270580,22048
156156,156157,11/15/2020,Santander,Colombia,2020/11/16 05:25,48009,1851,43006,3152
156157,156158,11/15/2020,Sao Paulo,Brazil,2020/11/16 05:25,1168640,40564,1051778,76298
156158,156159,11/15/2020,Saratov Oblast,Russia,2020/11/16 05:25,23563,185,16720,6658
156159,156160,11/15/2020,Sardegna,Italy,2020/11/16 05:25,15183,322,4641,10220
156160,156161,11/15/2020,Saskatchewan,Canada,2020/11/16 05:25,5001,31,3163,1807
156161,156162,11/15/2020,Schleswig-Holstein,Germany,2020/11/16 05:25,11522,222,8120,3180
156162,156163,11/15/2020,Scotland,UK,2020/11/16 05:25,81294,3280,0,78014
156163,156164,11/15/2020,Sergipe,Brazil,2020/11/16 05:25,86045,2259,78367,5419
156164,156165,11/15/2020,Sevastopol*,Ukraine,2020/11/16 05:25,3470,95,2615,760
156165,156166,11/15/2020,Shaanxi,China,2020/11/16 05:25,487,3,439,45
156166,156167,11/15/2020,Shandong,China,2020/11/16 05:25,848,7,841,0
156167,156168,11/15/2020,Shanghai,China,2020/11/16 05:25,1277,7,1183,87
156168,156169,11/15/2020,Shanxi,China,2020/11/16 05:25,219,0,213,6
156169,156170,11/15/2020,Shiga,Japan,2020/11/16 05:25,663,9,559,95
156170,156171,11/15/2020,Shimane,Japan,2020/11/16 05:25,141,0,141,0
156171,156172,11/15/2020,Shizuoka,Japan,2020/11/16 05:25,882,4,687,191
156172,156173,11/15/2020,Sichuan,China,2020/11/16 05:25,786,3,738,45
156173,156174,11/15/2020,Sicilia,Italy,2020/11/16 05:25,41532,896,11829,28807
156174,156175,11/15/2020,Sikkim,India,2020/11/16 05:25,4498,89,4125,284
156175,156176,11/15/2020,Sinaloa,Mexico,2020/11/16 05:25,23030,3796,0,19234
156176,156177,11/15/2020,Sindh,Pakistan,2020/11/16 05:25,155680,2747,142707,10226
156177,156178,11/15/2020,Sint Maarten,Netherlands,2020/11/16 05:25,933,24,835,74
156178,156179,11/15/2020,Skane,Sweden,2020/11/16 05:25,16639,322,0,16317
156179,156180,11/15/2020,Smolensk Oblast,Russia,2020/11/16 05:25,10458,254,7081,3123
156180,156181,11/15/2020,Sonora,Mexico,2020/11/16 05:25,40348,3253,0,37095
156181,156182,11/15/2020,Sormland,Sweden,2020/11/16 05:25,4282,259,0,4023
156182,156183,11/15/2020,South Australia,Australia,2020/11/16 05:25,544,4,495,45
156183,156184,11/15/2020,South Carolina,US,2020/11/16 05:25,195507,4112,0,191395
156184,156185,11/15/2020,South Dakota,US,2020/11/16 05:25,65381,644,0,64737
156185,156186,11/15/2020,St Martin,France,2020/11/16 05:25,655,12,551,92
156186,156187,11/15/2020,Stavropol Krai,Russia,2020/11/16 05:25,24379,481,20172,3726
156187,156188,11/15/2020,Stockholm,Sweden,2020/11/16 05:25,51043,2508,0,48535
156188,156189,11/15/2020,Sucre,Colombia,2020/11/16 05:25,16103,632,15055,416
156189,156190,11/15/2020,Sumy Oblast,Ukraine,2020/11/16 05:25,17859,260,6708,10891
156190,156191,11/15/2020,Sverdlovsk Oblast,Russia,2020/11/16 05:25,40671,889,32822,6960
156191,156192,11/15/2020,Tabasco,Mexico,2020/11/16 05:25,35691,3020,0,32671
156192,156193,11/15/2020,Tacna,Peru,2020/11/16 05:25,13606,248,0,13358
156193,156194,11/15/2020,Tamaulipas,Mexico,2020/11/16 05:25,33668,2824,0,30844
156194,156195,11/15/2020,Tambov Oblast,Russia,2020/11/16 05:25,11416,66,9219,2131
156195,156196,11/15/2020,Tamil Nadu,India,2020/11/16 05:25,758191,11478,730272,16441
156196,156197,11/15/2020,Tarapaca,Chile,2020/11/16 05:25,13419,246,12881,292
156197,156198,11/15/2020,Tasmania,Australia,2020/11/16 05:25,230,13,217,0
156198,156199,11/15/2020,Tatarstan Republic,Russia,2020/11/16 05:25,9243,121,8128,994
156199,156200,11/15/2020,Telangana,India,2020/11/16 05:25,257876,1407,242084,14385
156200,156201,11/15/2020,Tennessee,US,2020/11/16 05:25,310937,3893,0,307044
156201,156202,11/15/2020,Ternopil Oblast,Ukraine,2020/11/16 05:25,23555,308,18741,4506
156202,156203,11/15/2020,Texas,US,2020/11/16 05:25,1059753,20002,0,1039751
156203,156204,11/15/2020,Thuringen,Germany,2020/11/16 05:25,10982,254,7556,3172
156204,156205,11/15/2020,Tianjin,China,2020/11/16 05:25,289,3,267,19
156205,156206,11/15/2020,Tibet,China,2020/11/16 05:25,1,0,1,0
156206,156207,11/15/2020,Tlaxcala,Mexico,2020/11/16 05:25,8768,1265,0,7503
156207,156208,11/15/2020,Tocantins,Brazil,2020/11/16 05:25,78077,1137,69225,7715
156208,156209,11/15/2020,Tochigi,Japan,2020/11/16 05:25,516,2,490,24
156209,156210,11/15/2020,Tokushima,Japan,2020/11/16 05:25,171,9,156,6
156210,156211,11/15/2020,Tokyo,Japan,2020/11/16 05:25,34789,464,21368,12957
156211,156212,11/15/2020,Tolima,Colombia,2020/11/16 05:25,24801,751,22674,1376
156212,156213,11/15/2020,Tomsk Oblast,Russia,2020/11/16 05:25,15421,136,9755,5530
156213,156214,11/15/2020,Toscana,Italy,2020/11/16 05:25,79403,1879,25216,52308
156214,156215,11/15/2020,Tottori,Japan,2020/11/16 05:25,52,0,41,11
156215,156216,11/15/2020,Toyama,Japan,2020/11/16 05:25,428,26,397,5
156216,156217,11/15/2020,Tripura,India,2020/11/16 05:25,31962,364,30555,1043
156217,156218,11/15/2020,Tula Oblast,Russia,2020/11/16 05:25,14330,451,12073,1806
156218,156219,11/15/2020,Tumbes,Peru,2020/11/16 05:25,8816,323,0,8493
156219,156220,11/15/2020,Turks and Caicos Islands,UK,2020/11/16 05:25,720,6,695,19
156220,156221,11/15/2020,Tver Oblast,Russia,2020/11/16 05:25,12199,351,7134,4714
156221,156222,11/15/2020,Tyumen Oblast,Russia,2020/11/16 05:25,15742,107,10294,5341
156222,156223,11/15/2020,Tyva Republic,Russia,2020/11/16 05:25,10889,121,9970,798
156223,156224,11/15/2020,Ucayali,Peru,2020/11/16 05:25,18835,358,0,18477
156224,156225,11/15/2020,Udmurt Republic,Russia,2020/11/16 05:25,10927,254,9395,1278
156225,156226,11/15/2020,Ulyanovsk Oblast,Russia,2020/11/16 05:25,24002,303,19407,4292
156226,156227,11/15/2020,Umbria,Italy,2020/11/16 05:25,18876,253,7528,11095
156227,156228,11/15/2020,Unknown,Belgium,2020/11/16 05:25,8857,14421,0,-5564
156228,156229,11/15/2020,Unknown,Chile,2020/11/16 05:25,46,1,46,-1
156229,156230,11/15/2020,Unknown,Colombia,2020/11/16 05:25,0,0,0,0
156230,156231,11/15/2020,Unknown,Germany,2020/11/16 05:25,332,0,0,332
156231,156232,11/15/2020,Unknown,India,2020/11/16 05:25,0,0,0,0
156232,156233,11/15/2020,Unknown,Japan,2020/11/16 05:25,8,0,8,0
156233,156234,11/15/2020,Unknown,Mexico,2020/11/16 05:25,0,0,750190,-750190
156234,156235,11/15/2020,Unknown,Netherlands,2020/11/16 05:25,2716,25,0,2691
156235,156236,11/15/2020,Unknown,Peru,2020/11/16 05:25,0,0,858388,-858388
156236,156237,11/15/2020,Unknown,Spain,2020/11/16 05:25,0,0,0,0
156237,156238,11/15/2020,Unknown,UK,2020/11/16 05:25,0,0,0,0
156238,156239,11/15/2020,Uppsala,Sweden,2020/11/16 05:25,8060,262,0,7798
156239,156240,11/15/2020,Utah,US,2020/11/16 05:25,153808,718,0,153090
156240,156241,11/15/2020,Utrecht,Netherlands,2020/11/16 05:25,38043,613,0,37430
156241,156242,11/15/2020,Uttar Pradesh,India,2020/11/16 05:25,511304,7372,480965,22967
156242,156243,11/15/2020,Uttarakhand,India,2020/11/16 05:25,68215,1107,62543,4565
156243,156244,11/15/2020,Valle d'Aosta,Italy,2020/11/16 05:25,5246,248,2703,2295
156244,156245,11/15/2020,Valle del Cauca,Colombia,2020/11/16 05:25,96171,3106,86676,6389
156245,156246,11/15/2020,Valparaiso,Chile,2020/11/16 05:25,31423,1107,29823,493
156246,156247,11/15/2020,Varmland,Sweden,2020/11/16 05:25,2365,77,0,2288
156247,156248,11/15/2020,Vasterbotten,Sweden,2020/11/16 05:25,2568,32,0,2536
156248,156249,11/15/2020,Vasternorrland,Sweden,2020/11/16 05:25,2925,140,0,2785
156249,156250,11/15/2020,Vastmanland,Sweden,2020/11/16 05:25,5451,186,0,5265
156250,156251,11/15/2020,Vastra Gotaland,Sweden,2020/11/16 05:25,32726,908,0,31818
156251,156252,11/15/2020,Vaupes,Colombia,2020/11/16 05:25,1114,12,1083,19
156252,156253,11/15/2020,Veneto,Italy,2020/11/16 05:25,100876,2845,36525,61506
156253,156254,11/15/2020,Veracruz,Mexico,2020/11/16 05:25,38321,5175,0,33146
156254,156255,11/15/2020,Vermont,US,2020/11/16 05:25,2889,59,0,2830
156255,156256,11/15/2020,Vichada,Colombia,2020/11/16 05:25,867,11,835,21
156256,156257,11/15/2020,Victoria,Australia,2020/11/16 05:25,20345,819,19523,3
156257,156258,11/15/2020,Vinnytsia Oblast,Ukraine,2020/11/16 05:25,13844,241,7920,5683
156258,156259,11/15/2020,Virgin Islands,US,2020/11/16 05:25,1434,23,0,1411
156259,156260,11/15/2020,Virginia,US,2020/11/16 05:25,201960,3800,0,198160
156260,156261,11/15/2020,Vladimir Oblast,Russia,2020/11/16 05:25,11294,277,8534,2483
156261,156262,11/15/2020,Volgograd Oblast,Russia,2020/11/16 05:25,23629,248,21706,1675
156262,156263,11/15/2020,Vologda Oblast,Russia,2020/11/16 05:25,8853,74,7369,1410
156263,156264,11/15/2020,Volyn Oblast,Ukraine,2020/11/16 05:25,18676,361,11881,6434
156264,156265,11/15/2020,Voronezh Oblast,Russia,2020/11/16 05:25,29653,421,27698,1534
156265,156266,11/15/2020,Wakayama,Japan,2020/11/16 05:25,326,4,272,50
156266,156267,11/15/2020,Wales,UK,2020/11/16 05:25,66214,2207,0,64007
156267,156268,11/15/2020,Walloon Brabant,Belgium,2020/11/16 05:25,21904,0,0,21904
156268,156269,11/15/2020,Washington,US,2020/11/16 05:25,130040,2519,0,127521
156269,156270,11/15/2020,West Bengal,India,2020/11/16 05:25,431551,7661,394576,29314
156270,156271,11/15/2020,West Flanders,Belgium,2020/11/16 05:25,40093,0,0,40093
156271,156272,11/15/2020,West Virginia,US,2020/11/16 05:25,33659,582,0,33077
156272,156273,11/15/2020,Western Australia,Australia,2020/11/16 05:25,787,9,757,21
156273,156274,11/15/2020,Wisconsin,US,2020/11/16 05:25,329924,2751,0,327173
156274,156275,11/15/2020,Wyoming,US,2020/11/16 05:25,22494,144,0,22350
156275,156276,11/15/2020,Xinjiang,China,2020/11/16 05:25,980,3,960,17
156276,156277,11/15/2020,Yamagata,Japan,2020/11/16 05:25,98,1,83,14
156277,156278,11/15/2020,Yamaguchi,Japan,2020/11/16 05:25,266,2,211,53
156278,156279,11/15/2020,Yamalo-Nenets Autonomous Okrug,Russia,2020/11/16 05:25,23404,193,16097,7114
156279,156280,11/15/2020,Yamanashi,Japan,2020/11/16 05:25,283,6,220,57
156280,156281,11/15/2020,Yaroslavl Oblast,Russia,2020/11/16 05:25,13713,69,12470,1174
156281,156282,11/15/2020,Yucatan,Mexico,2020/11/16 05:25,22683,1904,0,20779
156282,156283,11/15/2020,Yukon,Canada,2020/11/16 05:25,24,1,22,1
156283,156284,11/15/2020,Yunnan,China,2020/11/16 05:25,217,2,209,6
156284,156285,11/15/2020,Zabaykalsky Krai,Russia,2020/11/16 05:25,15222,219,12262,2741
156285,156286,11/15/2020,Zacatecas,Mexico,2020/11/16 05:25,13501,1120,0,12381
156286,156287,11/15/2020,Zakarpattia Oblast,Ukraine,2020/11/16 05:25,19384,468,8382,10534
156287,156288,11/15/2020,Zaporizhia Oblast,Ukraine,2020/11/16 05:25,18484,164,3021,15299
156288,156289,11/15/2020,Zeeland,Netherlands,2020/11/16 05:25,5041,86,0,4955
156289,156290,11/15/2020,Zhejiang,China,2020/11/16 05:25,1291,1,1279,11
156290,156291,11/15/2020,Zhytomyr Oblast,Ukraine,2020/11/16 05:25,22225,368,12266,9591
156291,156292,11/15/2020,Zuid-Holland,Netherlands,2020/11/16 05:25,129188,2031,0,127157
